{
  "panda_link0": {
    "centers": [
      [
        -0.0891142338514328,
        -0.028145270422101024,
        0.06979747553678094
      ],
      [
        -0.08897364139556885,
        0.025637552142143246,
        0.08040475350301886
      ],
      [
        0.021709943190217018,
        -0.041836924850940704,
        0.0501102808527726
      ],
      [
        0.014357640407979488,
        -0.03866369277238846,
        0.09757791459560394
      ],
      [
        0.015919534489512444,
        0.0353439413011074,
        0.07675330518599709
      ]
    ],
    "radii": [
      0.08,
      0.09049241244792938,
      0.06918701529502869,
      0.06514922529459,
      0.09094920009374619
    ]
  },
  "panda_link1": {
    "centers": [
      [
        -6.720297096762806e-05,
        -0.020478319376707077,
        -0.1333160102367401
      ],
      [
        -0.002147156046703458,
        -0.04321250692009926,
        -0.013898092322051525
      ]
    ],
    "radii": [
      0.09359000623226166,
      0.09114439785480499
    ]
  },
  "panda_link2": {
    "centers": [
      [
        0.0016729073831811547,
        -0.13425511121749878,
        0.021642344072461128
      ],
      [
        -0.00209120917133987,
        -0.014732516370713714,
        0.04757925480127539
      ]
    ],
    "radii": [
      0.09322511404752731,
      0.08993825316429138
    ]
  },
  "panda_link3": {
    "centers": [
      [
        0.01349052475180732,
        0.011799290977556016,
        -0.07955684512853622
      ],
      [
        0.07000019853210394,
        0.04196636048244892,
        -0.003102471586316824
      ]
    ],
    "radii": [
      0.08,
      0.085
    ]
  },
  "panda_link4": {
    "centers": [
      [
        -0.0058174156583845615,
        0.004167177248746157,
        0.03934459388256073
      ],
      [
        -0.07322897017002106,
        0.07028389722108841,
        0.0019700168631970882
      ]
    ],
    "radii": [
      0.0780244693160057,
      0.0780244693160057
    ]
  },
  "panda_link5": {
    "centers": [
      [
        0.0023140315897762775,
        0.014254714362323284,
        -0.22770355641841888
      ],
      [
        0.0003386205353308469,
        0.024776648730039597,
        -0.15240174531936646
      ],
      [
        0.0005584173486568034,
        0.0551011897623539,
        -0.064048632979393
      ],
      [
        0.0002898763050325215,
        0.06254604458808899,
        0.0025773656088858843
      ]
    ],
    "radii": [
      0.07620050013065338,
      0.09,
      0.075,
      0.07125142961740494
    ]
  },
  "panda_link6": {
    "centers": [
      [
        0.020287370309233665,
        0.011989527381956577,
        0.001442676642909646
      ],
      [
        0.0834573283791542,
        -0.020148037001490593,
        0.008039173670113087
      ],
      [
        0.08196655660867691,
        0.0339437872171402,
        0.006715791765600443
      ]
    ],
    "radii": [
      0.07337667047977448,
      0.05945999175310135,
      0.056779894977808
    ]
  },
  "panda_link7": {
    "centers": [
      [
        -0.020243436098098755,
        -0.014279033988714218,
        0.06325496733188629
      ],
      [
        -0.019605591893196106,
        -0.015228481963276863,
        0.09129803627729416
      ],
      [
        0.031103773042559624,
        -0.01203160174190998,
        0.07839560508728027
      ],
      [
        -0.00544153805822134,
        0.038675595074892044,
        0.07877922058105469
      ],
      [
        0.03964314982295036,
        0.038500234484672546,
        0.07902772724628448
      ]
    ],
    "radii": [
      0.03662935271859169,
      0.03636527433991432,
      0.04191269353032112,
      0.043081123381853104,
      0.04152975231409073
    ]
  },
  "panda_hand": {
    "centers": [
      [
        -0.0009554344578646123,
        -0.07337227463722229,
        0.003471311181783676
      ],
      [
        0.000648339104373008,
        -0.07414546608924866,
        0.04243980348110199
      ],
      [
        0.0007880738703534007,
        -0.025679854676127434,
        0.0007609407184645534
      ],
      [
        0.0013180987443774939,
        -0.026318838819861412,
        0.041512709110975266
      ],
      [
        0.0019918677862733603,
        0.022827396169304848,
        0.005728089716285467
      ],
      [
        0.002520682057365775,
        0.023333774879574776,
        0.04079275205731392
      ],
      [
        -0.0024704819079488516,
        0.07001235336065292,
        0.010445632971823215
      ],
      [
        0.0014335515443235636,
        0.07320709526538849,
        0.04515570402145386
      ]
    ],
    "radii": [
      0.033661261200904846,
      0.03361589461565018,
      0.038798872381448746,
      0.037060074508190155,
      0.0400359146296978,
      0.03727022558450699,
      0.035973500460386276,
      0.033274002373218536
    ]
  },
  "panda_leftfinger": {
    "centers": [
      [
        0.00072354736039415,
        0.015161801129579544,
        0.004956138785928488
      ],
      [
        0.0010471533751115203,
        0.01811862923204899,
        0.015700412914156914
      ],
      [
        -0.0007174088968895376,
        0.012156608514487743,
        0.0322328582406044
      ],
      [
        0.0008621253073215485,
        0.006884528789669275,
        0.04754608869552612
      ]
    ],
    "radii": [
      0.015719009563326836,
      0.013719717040657997,
      0.014269855804741383,
      0.013134577311575413
    ]
  },
  "panda_rightfinger": {
    "centers": [
      [
        0.00072354736039415,
        -0.015161801129579544,
        0.004956138785928488
      ],
      [
        0.0010471533751115203,
        -0.01811862923204899,
        0.015700412914156914
      ],
      [
        -0.0007174088968895376,
        -0.012156608514487743,
        0.0322328582406044
      ],
      [
        0.0008621253073215485,
        -0.006884528789669275,
        0.04754608869552612
      ]
    ],
    "radii": [
      0.015719009563326836,
      0.013719717040657997,
      0.014269855804741383,
      0.013134577311575413
    ]
  }
}